<metadata xml:lang="en"><Esri><CreaDate>20190816</CreaDate><CreaTime>15492400</CreaTime><ArcGISFormat>1.0</ArcGISFormat><SyncOnce>FALSE</SyncOnce><DataProperties><lineage><Process ToolSource="c:\arcgis\desktop10.6\ArcToolbox\Toolboxes\Data Management Tools.tbx\RegisterWithGeodatabase" Date="20190816" Time="154924">RegisterWithGeodatabase "Database Connections\\GISPRD_GISDATA.sde\ASSETS_RAIL_LINES" OBJECTID GEOMETRY POLYLINE "PROJCS['WGS_1984_Web_Mercator_Auxiliary_Sphere',GEOGCS['GCS_WGS_1984',DATUM['D_WGS_1984',SPHEROID['WGS_1984',6378137.0,298.257223563]],PRIMEM['Greenwich',0.0],UNIT['Degree',0.0174532925199433]],PROJECTION['Mercator_Auxiliary_Sphere'],PARAMETER['False_Easting',0.0],PARAMETER['False_Northing',0.0],PARAMETER['Central_Meridian',0.0],PARAMETER['Standard_Parallel_1',0.0],PARAMETER['Auxiliary_Sphere_Type',0.0],UNIT['Meter',1.0]];-20037700 -30241100 10000;-100000 10000;-100000 10000;0.001;0.001;0.001;IsHighPrecision" "-8964000 4825000 -8314000 5202000"</Process><Process ToolSource="c:\program files\arcgis\pro\Resources\ArcToolbox\toolboxes\Conversion Tools.tbx\ExportFeatures" Date="20231002" Time="142822">ExportFeatures \\pdfpgismtrx2k8\home\mwaring\ArcGIS\Projects\PASDA_October_Update\GISPRD.sde\GISDATA.ASSETS_RAIL_LINES U:\gisprodnt\data\PASDA_DATA\Active\PASDA_OCTOBER_2023.gdb\Pa_Rail_Lines # NOT_USE_ALIAS "COUNTY_NAME "COUNTY_NAME" true true false 15 Text 0 0,First,#,\\pdfpgismtrx2k8\home\mwaring\ArcGIS\Projects\PASDA_October_Update\GISPRD.sde\GISDATA.ASSETS_RAIL_LINES,COUNTY_NAME,0,15;COUNTY_NUMBER "COUNTY_NUMBER" true true false 2 Text 0 0,First,#,\\pdfpgismtrx2k8\home\mwaring\ArcGIS\Projects\PASDA_October_Update\GISPRD.sde\GISDATA.ASSETS_RAIL_LINES,COUNTY_NUMBER,0,2;RR_OPERRR "RR_OPERRR" true true false 10 Text 0 0,First,#,\\pdfpgismtrx2k8\home\mwaring\ArcGIS\Projects\PASDA_October_Update\GISPRD.sde\GISDATA.ASSETS_RAIL_LINES,RR_OPERRR,0,10;RR_DIVISION "RR_DIVISION" true true false 20 Text 0 0,First,#,\\pdfpgismtrx2k8\home\mwaring\ArcGIS\Projects\PASDA_October_Update\GISPRD.sde\GISDATA.ASSETS_RAIL_LINES,RR_DIVISION,0,20;RR_LINENAME "RR_LINENAME" true true false 35 Text 0 0,First,#,\\pdfpgismtrx2k8\home\mwaring\ArcGIS\Projects\PASDA_October_Update\GISPRD.sde\GISDATA.ASSETS_RAIL_LINES,RR_LINENAME,0,35;RR_TRACKS_NO "RR_TRACKS_NO" true true false 8 Double 8 38,First,#,\\pdfpgismtrx2k8\home\mwaring\ArcGIS\Projects\PASDA_October_Update\GISPRD.sde\GISDATA.ASSETS_RAIL_LINES,RR_TRACKS_NO,-1,-1;RR_CLASS "RR_CLASS" true true false 12 Text 0 0,First,#,\\pdfpgismtrx2k8\home\mwaring\ArcGIS\Projects\PASDA_October_Update\GISPRD.sde\GISDATA.ASSETS_RAIL_LINES,RR_CLASS,0,12;REF_TRACK_TYPE "REF_TRACK_TYPE" true true false 20 Text 0 0,First,#,\\pdfpgismtrx2k8\home\mwaring\ArcGIS\Projects\PASDA_October_Update\GISPRD.sde\GISDATA.ASSETS_RAIL_LINES,REF_TRACK_TYPE,0,20;TRACK_TYPE "TRACK_TYPE" true true false 255 Text 0 0,First,#,\\pdfpgismtrx2k8\home\mwaring\ArcGIS\Projects\PASDA_October_Update\GISPRD.sde\GISDATA.ASSETS_RAIL_LINES,TRACK_TYPE,0,255;TRACK_USE "TRACK_USE" true true false 255 Text 0 0,First,#,\\pdfpgismtrx2k8\home\mwaring\ArcGIS\Projects\PASDA_October_Update\GISPRD.sde\GISDATA.ASSETS_RAIL_LINES,TRACK_USE,0,255;NON_OPER_OWN "NON_OPER_OWN" true true false 256 Text 0 0,First,#,\\pdfpgismtrx2k8\home\mwaring\ArcGIS\Projects\PASDA_October_Update\GISPRD.sde\GISDATA.ASSETS_RAIL_LINES,NON_OPER_OWN,0,256;TRACK_RIGHTS "TRACK_RIGHTS" true true false 256 Text 0 0,First,#,\\pdfpgismtrx2k8\home\mwaring\ArcGIS\Projects\PASDA_October_Update\GISPRD.sde\GISDATA.ASSETS_RAIL_LINES,TRACK_RIGHTS,0,256;TRACK_RIGHTS_2 "TRACK_RIGHTS_2" true true false 256 Text 0 0,First,#,\\pdfpgismtrx2k8\home\mwaring\ArcGIS\Projects\PASDA_October_Update\GISPRD.sde\GISDATA.ASSETS_RAIL_LINES,TRACK_RIGHTS_2,0,256;TRACK_RIGHTS_3 "TRACK_RIGHTS_3" true true false 256 Text 0 0,First,#,\\pdfpgismtrx2k8\home\mwaring\ArcGIS\Projects\PASDA_October_Update\GISPRD.sde\GISDATA.ASSETS_RAIL_LINES,TRACK_RIGHTS_3,0,256;LEASE_OPER "LEASE_OPER" true true false 256 Text 0 0,First,#,\\pdfpgismtrx2k8\home\mwaring\ArcGIS\Projects\PASDA_October_Update\GISPRD.sde\GISDATA.ASSETS_RAIL_LINES,LEASE_OPER,0,256;PARENT_ORGANIZATION "PARENT_ORGANIZATION" true true false 256 Text 0 0,First,#,\\pdfpgismtrx2k8\home\mwaring\ArcGIS\Projects\PASDA_October_Update\GISPRD.sde\GISDATA.ASSETS_RAIL_LINES,PARENT_ORGANIZATION,0,256;SE_ANNO_CAD_DATA "SE_ANNO_CAD_DATA" true true false 0 Blob 0 0,First,#,\\pdfpgismtrx2k8\home\mwaring\ArcGIS\Projects\PASDA_October_Update\GISPRD.sde\GISDATA.ASSETS_RAIL_LINES,SE_ANNO_CAD_DATA,-1,-1;GIS_UPDATE_DATE "GIS_UPDATE_DATE" true true false 8 Date 0 0,First,#,\\pdfpgismtrx2k8\home\mwaring\ArcGIS\Projects\PASDA_October_Update\GISPRD.sde\GISDATA.ASSETS_RAIL_LINES,GIS_UPDATE_DATE,-1,-1;GIS_GEOMETRY_UPDATE_DATE "GIS_GEOMETRY_UPDATE_DATE" true true false 8 Date 0 0,First,#,\\pdfpgismtrx2k8\home\mwaring\ArcGIS\Projects\PASDA_October_Update\GISPRD.sde\GISDATA.ASSETS_RAIL_LINES,GIS_GEOMETRY_UPDATE_DATE,-1,-1;GPID "GPID" true false false 4 Long 0 10,First,#,\\pdfpgismtrx2k8\home\mwaring\ArcGIS\Projects\PASDA_October_Update\GISPRD.sde\GISDATA.ASSETS_RAIL_LINES,GPID,-1,-1;LEN "LEN" false true true 0 Double 0 0,First,#,\\pdfpgismtrx2k8\home\mwaring\ArcGIS\Projects\PASDA_October_Update\GISPRD.sde\GISDATA.ASSETS_RAIL_LINES,GEOMETRY.LEN,-1,-1" #</Process></lineage><itemProps><itemName Sync="TRUE">Pa_Rail_Lines</itemName><imsContentType Sync="TRUE">002</imsContentType><itemLocation><linkage Sync="TRUE">file://\\psieefiler.ems.psu.edu\psieecifsvol1\Allegheny_DEP\202310\PennDOT\Pa_Rail_Lines.shp</linkage><protocol Sync="TRUE">Local Area Network</protocol></itemLocation><itemSize Sync="TRUE">0.000</itemSize></itemProps><coordRef><type Sync="TRUE">Projected</type><geogcsn Sync="TRUE">GCS_WGS_1984</geogcsn><csUnits Sync="TRUE">Linear Unit: Meter (1.000000)</csUnits><projcsn Sync="TRUE">WGS_1984_Web_Mercator_Auxiliary_Sphere</projcsn><peXml Sync="TRUE">&lt;ProjectedCoordinateSystem xsi:type='typens:ProjectedCoordinateSystem' xmlns:xsi='http://www.w3.org/2001/XMLSchema-instance' xmlns:xs='http://www.w3.org/2001/XMLSchema' xmlns:typens='http://www.esri.com/schemas/ArcGIS/10.8'&gt;&lt;WKT&gt;PROJCS[&amp;quot;WGS_1984_Web_Mercator_Auxiliary_Sphere&amp;quot;,GEOGCS[&amp;quot;GCS_WGS_1984&amp;quot;,DATUM[&amp;quot;D_WGS_1984&amp;quot;,SPHEROID[&amp;quot;WGS_1984&amp;quot;,6378137.0,298.257223563]],PRIMEM[&amp;quot;Greenwich&amp;quot;,0.0],UNIT[&amp;quot;Degree&amp;quot;,0.0174532925199433]],PROJECTION[&amp;quot;Mercator_Auxiliary_Sphere&amp;quot;],PARAMETER[&amp;quot;False_Easting&amp;quot;,0.0],PARAMETER[&amp;quot;False_Northing&amp;quot;,0.0],PARAMETER[&amp;quot;Central_Meridian&amp;quot;,0.0],PARAMETER[&amp;quot;Standard_Parallel_1&amp;quot;,0.0],PARAMETER[&amp;quot;Auxiliary_Sphere_Type&amp;quot;,0.0],UNIT[&amp;quot;Meter&amp;quot;,1.0],AUTHORITY[&amp;quot;EPSG&amp;quot;,3857]]&lt;/WKT&gt;&lt;XOrigin&gt;-20037700&lt;/XOrigin&gt;&lt;YOrigin&gt;-30241100&lt;/YOrigin&gt;&lt;XYScale&gt;148923141.92838538&lt;/XYScale&gt;&lt;ZOrigin&gt;-100000&lt;/ZOrigin&gt;&lt;ZScale&gt;10000&lt;/ZScale&gt;&lt;MOrigin&gt;-100000&lt;/MOrigin&gt;&lt;MScale&gt;10000&lt;/MScale&gt;&lt;XYTolerance&gt;0.001&lt;/XYTolerance&gt;&lt;ZTolerance&gt;0.001&lt;/ZTolerance&gt;&lt;MTolerance&gt;0.001&lt;/MTolerance&gt;&lt;HighPrecision&gt;true&lt;/HighPrecision&gt;&lt;WKID&gt;102100&lt;/WKID&gt;&lt;LatestWKID&gt;3857&lt;/LatestWKID&gt;&lt;/ProjectedCoordinateSystem&gt;</peXml></coordRef></DataProperties><SyncDate>20231020</SyncDate><SyncTime>09170500</SyncTime><ModDate>20231020</ModDate><ModTime>09170500</ModTime></Esri><dataIdInfo><envirDesc Sync="TRUE"> Version 6.2 (Build 9200) ; Esri ArcGIS 10.9.1.28388</envirDesc><dataLang><languageCode value="eng" Sync="TRUE"></languageCode><countryCode value="USA" Sync="TRUE"></countryCode></dataLang><idCitation><resTitle Sync="TRUE">Pa_Rail_Lines</resTitle><presForm><PresFormCd value="005" Sync="TRUE"></PresFormCd></presForm></idCitation><spatRpType><SpatRepTypCd value="001" Sync="TRUE"></SpatRepTypCd></spatRpType></dataIdInfo><mdLang><languageCode value="eng" Sync="TRUE"></languageCode><countryCode value="USA" Sync="TRUE"></countryCode></mdLang><distInfo><distFormat><formatName Sync="TRUE">Shapefile</formatName></distFormat><distTranOps><transSize Sync="TRUE">0.000</transSize></distTranOps></distInfo><mdHrLv><ScopeCd value="005" Sync="TRUE"></ScopeCd></mdHrLv><mdHrLvName Sync="TRUE">dataset</mdHrLvName><refSysInfo><RefSystem><refSysID><identCode code="3857" Sync="TRUE"></identCode><idCodeSpace Sync="TRUE">EPSG</idCodeSpace><idVersion Sync="TRUE">6.18.3(9.3.1.2)</idVersion></refSysID></RefSystem></refSysInfo><spatRepInfo><VectSpatRep><geometObjs Name="Pa_Rail_Lines"><geoObjTyp><GeoObjTypCd value="002" Sync="TRUE"></GeoObjTypCd></geoObjTyp><geoObjCnt Sync="TRUE">0</geoObjCnt></geometObjs><topLvl><TopoLevCd value="001" Sync="TRUE"></TopoLevCd></topLvl></VectSpatRep></spatRepInfo><spdoinfo><ptvctinf><esriterm Name="Pa_Rail_Lines"><efeatyp Sync="TRUE">Simple</efeatyp><efeageom code="3" Sync="TRUE"></efeageom><esritopo Sync="TRUE">FALSE</esritopo><efeacnt Sync="TRUE">0</efeacnt><spindex Sync="TRUE">FALSE</spindex><linrefer Sync="TRUE">FALSE</linrefer></esriterm></ptvctinf></spdoinfo><eainfo><detailed Name="Pa_Rail_Lines"><enttyp><enttypl Sync="TRUE">Pa_Rail_Lines</enttypl><enttypt Sync="TRUE">Feature Class</enttypt><enttypc Sync="TRUE">0</enttypc></enttyp><attr><attrlabl Sync="TRUE">FID</attrlabl><attalias Sync="TRUE">FID</attalias><attrtype Sync="TRUE">OID</attrtype><attwidth Sync="TRUE">4</attwidth><atprecis Sync="TRUE">0</atprecis><attscale Sync="TRUE">0</attscale><attrdef Sync="TRUE">Internal feature number.</attrdef><attrdefs Sync="TRUE">Esri</attrdefs><attrdomv><udom Sync="TRUE">Sequential unique whole numbers that are automatically generated.</udom></attrdomv></attr><attr><attrlabl Sync="TRUE">Shape</attrlabl><attalias Sync="TRUE">Shape</attalias><attrtype Sync="TRUE">Geometry</attrtype><attwidth Sync="TRUE">0</attwidth><atprecis Sync="TRUE">0</atprecis><attscale Sync="TRUE">0</attscale><attrdef Sync="TRUE">Feature geometry.</attrdef><attrdefs Sync="TRUE">Esri</attrdefs><attrdomv><udom Sync="TRUE">Coordinates defining the features.</udom></attrdomv></attr><attr><attrlabl Sync="TRUE">COUNTY_NAM</attrlabl><attalias Sync="TRUE">COUNTY_NAM</attalias><attrtype Sync="TRUE">String</attrtype><attwidth Sync="TRUE">15</attwidth><atprecis Sync="TRUE">0</atprecis><attscale Sync="TRUE">0</attscale></attr><attr><attrlabl Sync="TRUE">COUNTY_NUM</attrlabl><attalias Sync="TRUE">COUNTY_NUM</attalias><attrtype Sync="TRUE">String</attrtype><attwidth Sync="TRUE">2</attwidth><atprecis Sync="TRUE">0</atprecis><attscale Sync="TRUE">0</attscale></attr><attr><attrlabl Sync="TRUE">RR_OPERRR</attrlabl><attalias Sync="TRUE">RR_OPERRR</attalias><attrtype Sync="TRUE">String</attrtype><attwidth Sync="TRUE">10</attwidth><atprecis Sync="TRUE">0</atprecis><attscale Sync="TRUE">0</attscale></attr><attr><attrlabl Sync="TRUE">RR_DIVISIO</attrlabl><attalias Sync="TRUE">RR_DIVISIO</attalias><attrtype Sync="TRUE">String</attrtype><attwidth Sync="TRUE">20</attwidth><atprecis Sync="TRUE">0</atprecis><attscale Sync="TRUE">0</attscale></attr><attr><attrlabl Sync="TRUE">RR_LINENAM</attrlabl><attalias Sync="TRUE">RR_LINENAM</attalias><attrtype Sync="TRUE">String</attrtype><attwidth Sync="TRUE">35</attwidth><atprecis Sync="TRUE">0</atprecis><attscale Sync="TRUE">0</attscale></attr><attr><attrlabl Sync="TRUE">RR_TRACKS_</attrlabl><attalias Sync="TRUE">RR_TRACKS_</attalias><attrtype Sync="TRUE">Double</attrtype><attwidth Sync="TRUE">19</attwidth><atprecis Sync="TRUE">0</atprecis><attscale Sync="TRUE">0</attscale></attr><attr><attrlabl Sync="TRUE">RR_CLASS</attrlabl><attalias Sync="TRUE">RR_CLASS</attalias><attrtype Sync="TRUE">String</attrtype><attwidth Sync="TRUE">12</attwidth><atprecis Sync="TRUE">0</atprecis><attscale Sync="TRUE">0</attscale></attr><attr><attrlabl Sync="TRUE">REF_TRACK_</attrlabl><attalias Sync="TRUE">REF_TRACK_</attalias><attrtype Sync="TRUE">String</attrtype><attwidth Sync="TRUE">20</attwidth><atprecis Sync="TRUE">0</atprecis><attscale Sync="TRUE">0</attscale></attr><attr><attrlabl Sync="TRUE">TRACK_TYPE</attrlabl><attalias Sync="TRUE">TRACK_TYPE</attalias><attrtype Sync="TRUE">String</attrtype><attwidth Sync="TRUE">254</attwidth><atprecis Sync="TRUE">0</atprecis><attscale Sync="TRUE">0</attscale></attr><attr><attrlabl Sync="TRUE">TRACK_USE</attrlabl><attalias Sync="TRUE">TRACK_USE</attalias><attrtype Sync="TRUE">String</attrtype><attwidth Sync="TRUE">254</attwidth><atprecis Sync="TRUE">0</atprecis><attscale Sync="TRUE">0</attscale></attr><attr><attrlabl Sync="TRUE">NON_OPER_O</attrlabl><attalias Sync="TRUE">NON_OPER_O</attalias><attrtype Sync="TRUE">String</attrtype><attwidth Sync="TRUE">254</attwidth><atprecis Sync="TRUE">0</atprecis><attscale Sync="TRUE">0</attscale></attr><attr><attrlabl Sync="TRUE">TRACK_RIGH</attrlabl><attalias Sync="TRUE">TRACK_RIGH</attalias><attrtype Sync="TRUE">String</attrtype><attwidth Sync="TRUE">254</attwidth><atprecis Sync="TRUE">0</atprecis><attscale Sync="TRUE">0</attscale></attr><attr><attrlabl Sync="TRUE">TRACK_RI_1</attrlabl><attalias Sync="TRUE">TRACK_RI_1</attalias><attrtype Sync="TRUE">String</attrtype><attwidth Sync="TRUE">254</attwidth><atprecis Sync="TRUE">0</atprecis><attscale Sync="TRUE">0</attscale></attr><attr><attrlabl Sync="TRUE">TRACK_RI_2</attrlabl><attalias Sync="TRUE">TRACK_RI_2</attalias><attrtype Sync="TRUE">String</attrtype><attwidth Sync="TRUE">254</attwidth><atprecis Sync="TRUE">0</atprecis><attscale Sync="TRUE">0</attscale></attr><attr><attrlabl Sync="TRUE">LEASE_OPER</attrlabl><attalias Sync="TRUE">LEASE_OPER</attalias><attrtype Sync="TRUE">String</attrtype><attwidth Sync="TRUE">254</attwidth><atprecis Sync="TRUE">0</atprecis><attscale Sync="TRUE">0</attscale></attr><attr><attrlabl Sync="TRUE">PARENT_ORG</attrlabl><attalias Sync="TRUE">PARENT_ORG</attalias><attrtype Sync="TRUE">String</attrtype><attwidth Sync="TRUE">254</attwidth><atprecis Sync="TRUE">0</atprecis><attscale Sync="TRUE">0</attscale></attr><attr><attrlabl Sync="TRUE">GIS_UPDATE</attrlabl><attalias Sync="TRUE">GIS_UPDATE</attalias><attrtype Sync="TRUE">Date</attrtype><attwidth Sync="TRUE">8</attwidth><atprecis Sync="TRUE">0</atprecis><attscale Sync="TRUE">0</attscale></attr><attr><attrlabl Sync="TRUE">GIS_GEOMET</attrlabl><attalias Sync="TRUE">GIS_GEOMET</attalias><attrtype Sync="TRUE">Date</attrtype><attwidth Sync="TRUE">8</attwidth><atprecis Sync="TRUE">0</atprecis><attscale Sync="TRUE">0</attscale></attr><attr><attrlabl Sync="TRUE">GPID</attrlabl><attalias Sync="TRUE">GPID</attalias><attrtype Sync="TRUE">Integer</attrtype><attwidth Sync="TRUE">10</attwidth><atprecis Sync="TRUE">10</atprecis><attscale Sync="TRUE">0</attscale></attr><attr><attrlabl Sync="TRUE">LEN</attrlabl><attalias Sync="TRUE">LEN</attalias><attrtype Sync="TRUE">Double</attrtype><attwidth Sync="TRUE">19</attwidth><atprecis Sync="TRUE">0</atprecis><attscale Sync="TRUE">0</attscale></attr><attr><attrlabl Sync="TRUE">Shape_Leng</attrlabl><attalias Sync="TRUE">Shape_Leng</attalias><attrtype Sync="TRUE">Double</attrtype><attwidth Sync="TRUE">19</attwidth><atprecis Sync="TRUE">0</atprecis><attscale Sync="TRUE">0</attscale></attr></detailed></eainfo><mdDateSt Sync="TRUE">20231020</mdDateSt></metadata>
