<metadata><idinfo><citation><citeinfo><origin>Pennsylvania Department of Transportation, Bureau of Planning and Research, Cartographic Information Division</origin><pubdate>202310</pubdate><title>PennDOT - Rails Lines </title><geoform>vector digital data</geoform><pubinfo><pubplace>Harrisburg, PA</pubplace><publish>Pennsylvania Department of Transportation</publish></pubinfo><onlink>http://www.dot.state.pa.us</onlink><onlink>http://www.pasda.psu.edu/uci/DataSummary.aspx?dataset=48</onlink></citeinfo></citation><descript><abstract>Rails Lines within Pennsylvania </abstract><purpose>Public information and support for transportation planning, design and development.</purpose><supplinf>This data is intended for use at 1:24,000 or smaller scale.</supplinf></descript><timeperd><timeinfo><sngdate><caldate></caldate></sngdate></timeinfo><current>publication date</current></timeperd><status><progress>Complete</progress><update>Bi-annual</update></status><spdom><bounding><westbc>
-80.519070</westbc><eastbc>
-74.721180</eastbc><northbc>
42.182440</northbc><southbc>
39.721060</southbc></bounding></spdom><keywords><theme><themekt>ISO 19115 Topic Categories</themekt><themekey>Rail, Railroad, Railway, PennDOT</themekey></theme><place><placekt>None</placekt><placekey>Pennsylvania</placekey></place></keywords><accconst>None.</accconst><useconst>The user shall indemnify, save harmless, and, if requested, defend the COMMONWEALTH, their officers, agents, and employees from and against any suits, claims, or actions for injury, death, or property damage arising out of the use of or any defect in the FILES or any accompanying documentation.

The COMMONWEALTH excludes any and all implied warranties, including warranties or merchantability and fitness for a particular purpose.

The COMMONWEALTH makes no warranty or representation, either express or implied, with respect to the FILES or accompanying documentation, including its quality, performance, merchantability, or fitness for a particular purpose. The FILES and documentation are provided "as is" and the USER assumes the entire risk as to its quality and performance.

The COMMONWEALTH will not be liable for any direct, indirect, special, incidental, or consequential damages arising out of the use or inability to use the FILES or any accompanying documentation.

The USER is granted permission to translate and add value to the FILES for the use of the FILES on its computer hardware; provided, however, that the USER annually notify the UNIVERSITY / COMMONWEALTH of any customizing or value-adding work done.

Any customized or value added versions of the files will contain the following disclaimer:

THIS IS NOT A PENNSYLVANIA DEPARTMENT OF TRANSPORTATION APPROVED FILE. THE DEPARTMENT OF TRANSPORTATION RETAINS THE MASTER FILES.

THE USER AGREES AND UNDERSTANDS THAT IT MAY NOT FURTHER DISTRIBUTE THE FILES TO A THIRD PARTY.

If you have any questions or problems, contact the ORGANIZATION where you acquired the data.</useconst><ptcontac><cntinfo><cntorgp><cntorg>Pennsylvania Department of Transportation, Bureau of Planning and Research, Geographic Information Division</cntorg></cntorgp><cntaddr><addrtype>mailing address</addrtype><address>P.O. Box 3654</address><city>Harrisburg</city><state>PA</state><postal>17101-3654</postal><country>USA</country></cntaddr><cntvoice>(717) 772-3305</cntvoice></cntinfo></ptcontac><native>Microsoft Windows 2000 Version 5.0 (Build 2195) Service Pack 3; ESRI ArcCatalog 8.2.0.700</native></idinfo><dataqual><attracc><attraccr>Verified visually by comparison against source materials.</attraccr></attracc><logic>Topology exists</logic><complete>Contains all officially recognized features within the Commonwealth.</complete><posacc><horizpa><horizpar>Digitized from sources conforming to National Mapping Accuracy Standards for 1:24,000 scale maps.</horizpar><qhorizpa><horizpav>100</horizpav><horizpae>Estimated accuracy is +/- 100 Feet.</horizpae></qhorizpa></horizpa></posacc><lineage><srcinfo><srccite><citeinfo><origin>Geological Survey (U.S.)</origin><pubdate>Unknown</pubdate><title>USGS 7.5 minute topographic maps</title><geoform>map</geoform><pubinfo><pubplace>Reston, VA</pubplace><publish>United States Geological Survey</publish></pubinfo></citeinfo></srccite><srcscale>24000</srcscale><typesrc>paper</typesrc><srctime><timeinfo><sngdate><caldate>unknown</caldate></sngdate></timeinfo><srccurr>publication date</srccurr></srctime><srccitea>topo quads</srccitea><srccontr>Features for digitization.</srccontr></srcinfo><srcinfo><srccite><citeinfo><origin>Geological Survey (U.S.)</origin><pubdate>1993-1996</pubdate><title>Digital orthophoto quarter quadrangle</title><geoform>map</geoform><pubinfo><pubplace>Reston, VA</pubplace><publish>United States Geological Survey</publish></pubinfo></citeinfo></srccite><srcscale>12000</srcscale><typesrc>on-line</typesrc><srctime><timeinfo><rngdates><begdate>1992</begdate><enddate>1995</enddate></rngdates></timeinfo><srccurr>Image acquisition</srccurr></srctime><srccitea>orthophotos</srccitea><srccontr>position verification.</srccontr></srcinfo><procstep><procdesc>Digitized into Bentley Microstation system from most recently available 7.5 minute USGS topographic quadrangles on a stable (mylar) base.  Updated information is added from construction plans and maps as this information becomes available. Converted to ESRI Shapefile and Geomedia Warehouse formats for distribution.</procdesc><procdate>2005</procdate></procstep><procstep><procdesc>Verified visually through overlay with orthophotos as possible.</procdesc><procdate>2000-2001</procdate></procstep><procstep><procdesc>Exported to ESRI Shapefile for distribution.</procdesc><procdate>2001</procdate></procstep><procstep><procdesc>Dataset copied.</procdesc><srcused>Server=pasdaserve1.erri.psu.edu; Service=5151/tcp; Database=sde; User=sde; Version=SDE.DEFAULT</srcused></procstep><procstep><procdesc>Metadata imported.</procdesc><srcused>E:\UCI\padot_urban.xml</srcused></procstep><procstep><procdesc Sync="TRUE">Dataset moved.</procdesc><srcused Sync="TRUE">D:\PennDOT\PaUrbanAreas2009_01</srcused><procdate Sync="TRUE">20100120</procdate><proctime Sync="TRUE">10032400</proctime></procstep></lineage></dataqual><spdoinfo><direct>Vector</direct><ptvctinf><sdtsterm><sdtstype>G-polygon</sdtstype><ptvctcnt>18</ptvctcnt></sdtsterm></ptvctinf></spdoinfo> <spref>
    <horizsys>
      <planar>
        <mapproj>
          <mapprojn>Pennsylvania Polyconic</mapprojn>
          <polycon>
            <longcm>-77.75</longcm>
            <latprjo>40.925</latprjo>
            <feast />
            <fnorth />
          </polycon>
        </mapproj>
        <planci>
          <plance>coordinate pair</plance>
          <coordrep>
            <absres>0.000000004449263180106301</absres>
            <ordres>0.000000004449263180106301</ordres>
          </coordrep>
          <plandu>meter</plandu>
        </planci>
      </planar>
      <geodetic>
        <horizdn>NAD 83</horizdn>
        <ellips>GRS 80</ellips>
        <semiaxis>6378137.0</semiaxis>
        <denflat>298.257222101</denflat>
      </geodetic>
    </horizsys>
  </spref><eainfo/><distinfo><distrib><cntinfo><cntorgp><cntorg>Pennsylvania Spatial Data Access (PASDA)</cntorg></cntorgp><cntaddr><addrtype>mailing address</addrtype><address>Land and Water Building</address><city>University Park</city><state>PA</state><postal>16802</postal><country>USA</country></cntaddr><cntemail>pasda@psu.edu</cntemail></cntinfo></distrib><distliab>The USER shall indemnify, save harmless, and, if requested, defend those parties involved with the development and distribution of this data, their officers, agents, and employees from and against any suits, claims, or actions for injury, death, or property damage arising out of the use of or any defect in the FILES or any accompanying documentation. Those parties involved with the development and distribution excluded any and all implied warranties, including warranties or merchantability and fitness for a particular purpose and makes no warranty or representation, either express or implied, with respect to the FILES or accompanying documentation, including its quality, performance, merchantability, or fitness for a particular purpose. The FILES and documentation are provided "as is" and the USER assumes the entire risk as to its quality and performance. Those parties involved with the development and distribution of this data will not be liable for any direct, indirect, special, incidental, or consequential damages arising out of the use or inability to use the FILES or any accompanying documentation.</distliab><stdorder><digform><digtinfo><formname>ArcView Shapefile</formname><formvern>3.x</formvern><filedec>Zip compression</filedec></digtinfo><digtopt><onlinopt><computer><networka><networkr>http://www.pasda.psu.edu</networkr></networka></computer><accinstr>http://www.pasda.psu.edu/data/padot/boundary_layers/padot-county_2005.zip</accinstr></onlinopt></digtopt></digform><fees>none</fees></stdorder></distinfo><metainfo><metd></metd><metc><cntinfo><cntorgp><cntorg>Pennsylvania Spatial Data Access (PASDA)</cntorg></cntorgp><cntpos>Metadata Coordinator</cntpos><cntaddr><addrtype>mailing address</addrtype><address>115 Land and Water Building</address><city>University Park</city><state>PA</state><postal>16802</postal><country>USA</country></cntaddr><cntvoice>814-865-8792</cntvoice><cntfax>814-865-3378</cntfax><cntemail>pasda.psu.edu</cntemail></cntinfo></metc><metstdn>FGDC Content Standards for Digital Geospatial Metadata</metstdn><metstdv>FGDC-STD-001-1998</metstdv><mettc>local time</mettc><metextns><onlink>http://www.esri.com/metadata/esriprof80.html</onlink><metprof>ESRI Metadata Profile</metprof></metextns></metainfo><Esri><ModDate>24</ModDate><ModTime>15031900</ModTime><CreaDate>20</CreaDate><CreaTime>11155400</CreaTime><ArcGISFormat>1.0</ArcGISFormat><ArcGISstyle>FGDC CSDGM Metadata</ArcGISstyle><SyncOnce>TRUE</SyncOnce><DataProperties><itemProps><itemLocation><linkage Sync="TRUE">file://\\URSUS\dataD\PennDOT\PaUrbanAreas2016_01</linkage><protocol Sync="TRUE">Local Area Network</protocol></itemLocation></itemProps><copyHistory><copy source="D:\dataD\PennDOT\PaUrbanAreas2016_01" dest="\\URSUS\dataD\PennDOT\PaUrbanAreas2016_01" date="20" time="11155400"/></copyHistory></DataProperties><ArcGISProfile>FGDC</ArcGISProfile></Esri><mdDateSt Sync="TRUE">24</mdDateSt><distInfo><distributor><distorTran><onLineSrc><linkage Sync="TRUE">file://\\PC-36\D\PennDOT\update01_2010\Boundary\PaUrbanAreas2009_01</linkage><protocol Sync="TRUE">Local Area Network</protocol></onLineSrc></distorTran></distributor></distInfo><dataIdInfo><idPurp>Public information and support for transportation planning, design and development.</idPurp><idAbs>&lt;DIV STYLE="text-align:Left;"&gt;&lt;DIV&gt;&lt;P&gt;&lt;SPAN&gt;Rails Lines within Pennsylvania &lt;/SPAN&gt;&lt;/P&gt;&lt;/DIV&gt;&lt;/DIV&gt;</idAbs><idCitation><resTitle>PennDOT - Rails Lines </resTitle></idCitation><searchKeys><keyword>transportation</keyword></searchKeys><resConst><Consts><useLimit>The user shall indemnify, save harmless, and, if requested, defend the COMMONWEALTH, their officers, agents, and employees from and against any suits, claims, or actions for injury, death, or property damage arising out of the use of or any defect in the FILES or any accompanying documentation.

The COMMONWEALTH excludes any and all implied warranties, including warranties or merchantability and fitness for a particular purpose.

The COMMONWEALTH makes no warranty or representation, either express or implied, with respect to the FILES or accompanying documentation, including its quality, performance, merchantability, or fitness for a particular purpose. The FILES and documentation are provided "as is" and the USER assumes the entire risk as to its quality and performance.

The COMMONWEALTH will not be liable for any direct, indirect, special, incidental, or consequential damages arising out of the use or inability to use the FILES or any accompanying documentation.

The USER is granted permission to translate and add value to the FILES for the use of the FILES on its computer hardware; provided, however, that the USER annually notify the UNIVERSITY / COMMONWEALTH of any customizing or value-adding work done.

Any customized or value added versions of the files will contain the following disclaimer:

THIS IS NOT A PENNSYLVANIA DEPARTMENT OF TRANSPORTATION APPROVED FILE. THE DEPARTMENT OF TRANSPORTATION RETAINS THE MASTER FILES.

THE USER AGREES AND UNDERSTANDS THAT IT MAY NOT FURTHER DISTRIBUTE THE FILES TO A THIRD PARTY.

If you have any questions or problems, contact the ORGANIZATION where you acquired the data.</useLimit></Consts></resConst></dataIdInfo></metadata>
